{"client_meta":{"background_color":{"r":0.5333333611488342,"g":0.5333333611488342,"b":0.5333333611488342,"a":1},"thumbnail_size":{"width":400,"height":363},"render_coordinates":{"x":-158080,"y":-142129,"width":301760,"height":273472}},"file_name":"Graph Visualization UI Kit (Community)","developer_related_links":[],"exported_at":"2026-02-27T08:30:14.069Z"}